label,episodes,avg_total,avg_learn,avg_rollout,avg_eval,avg_total_pre9,avg_total_post11,avg_learn_pre9,avg_learn_post11
Walker2D_CPU_anim_off,12,4.802271366682059,4.646178291678855,0.14509765833887892,0.01099541666432439,1.1031104222379833,23.18337935002637,0.9729923444554314,22.96674185001757
Walker2D_CPU_anim_on,12,5.208003900009014,4.634514800006097,0.5642808666695297,0.009208233333386792,1.5258303333410166,23.712671300017973,0.9611675444498865,23.067607350007165
HalfCheetah_CPU_anim_off,12,10.961887100003272,10.12765444999483,0.7755131916783284,0.0587194583301122,9.494770766675678,15.12571730001946,8.683667955551451,14.463219500001287
