episode,step,state_x,action,reward,done
1,1,0.0,1.0,1.0,False
1,2,0.10000000149011612,1.0,1.0,False
1,3,0.20000000298023224,0.0,1.0,False
1,4,0.30000001192092896,0.0,1.0,False
1,5,0.4000000059604645,0.0,1.0,True
2,1,0.0,0.0,1.0,False
2,2,0.10000000149011612,1.0,1.0,False
2,3,0.20000000298023224,0.0,1.0,False
2,4,0.30000001192092896,0.0,1.0,False
2,5,0.4000000059604645,0.0,1.0,True
