step,reward,done
0,4.992910810794022,False
1,4.972939509442659,False
2,4.905552211901836,False
3,4.865246202281514,False
4,4.837942307689781,False
5,4.813941787338627,False
6,4.808359649876828,False
7,4.825449114026436,False
8,4.839391110954923,False
9,4.846243391000693,False
10,4.840489287150281,False
11,2.6303707217428483,False
12,4.391972858929903,False
13,4.688136076452716,False
14,-0.22831267974109037,True
