step,reward,done
0,4.986562440412011,False
1,4.96644172646053,False
2,4.8986672638154385,False
3,4.859289612263998,False
4,4.831853305093412,False
5,4.80730167177691,False
6,4.803230376945923,False
7,4.820369346868898,False
8,4.835074829715085,False
9,4.842593486900868,False
10,4.835547237143819,False
11,2.463504998272736,False
12,4.3386775245615645,False
13,-0.3300465086636891,True
