step,reward,done
0,5.005184513247449,False
1,4.985492187970172,False
2,4.918184211966912,False
3,4.877609939854115,False
4,4.851150875513621,False
5,4.825935046255182,False
6,4.82205390526063,False
7,4.839540040442288,False
8,4.854510903477519,False
9,4.861904555153311,False
10,4.853691103306852,False
11,2.554562994770529,False
12,4.378182290774136,False
13,4.687917376173635,False
14,-0.21925082095831874,True
