step,reward,done
0,5.001229161528734,False
1,4.981194456812881,False
2,4.913626829924984,False
3,4.873948052974407,False
4,4.845981793832571,False
5,4.821973816279312,False
6,4.817507336370347,False
7,4.833998446099778,False
8,4.847840839495078,False
9,4.855178023590524,False
10,4.849827815979745,False
11,2.5638133801582104,False
12,4.360915640191388,False
13,-0.31492501840238024,True
