step,reward,done
0,4.9989768472489065,False
1,4.995072420308821,False
2,4.9945164844969225,False
3,4.994267410691669,False
4,4.994029677717723,False
5,4.991632381038995,False
6,4.990844875816658,False
7,4.986713687593806,False
8,4.983109185528093,False
9,4.984311735006039,False
10,4.982813995654853,False
11,4.9795016615641075,False
12,4.981271880940323,False
13,4.979860962705073,False
14,4.976118264995036,False
15,4.975090991610607,False
16,0.023072424220800844,True
