step,reward,done
0,4.9915656740681165,False
1,4.971546248070703,False
2,4.9038342418850895,False
3,4.864110117541372,False
4,4.836811366428055,False
5,4.812102148514228,False
6,4.807933867366579,False
7,4.8242305443370395,False
8,4.838288294604921,False
9,4.845093015006984,False
10,4.840139496019556,False
11,2.590679796712555,False
12,4.401345064191988,False
13,-0.3095610884293275,True
