step,reward,done
0,5.003337257131572,False
1,4.983371374902259,False
2,4.916029957138987,False
3,4.8758630722193725,False
4,4.848730920598356,False
5,4.824451617421521,False
6,4.819868892002141,False
7,4.836831526844054,False
8,4.851303785560598,False
9,4.8584884186837565,False
10,4.851753607620499,False
11,2.509053833538651,False
12,4.361255794974555,False
13,-0.31426012380110624,True
