step,reward,done
0,4.977999214531334,False
1,4.957754328999247,False
2,4.890238088204498,False
3,4.85054269667451,False
4,4.822289564163042,False
5,4.799571917153383,False
6,4.79412008525976,False
7,4.810910605799515,False
8,4.8246621917453,False
9,4.8318074764781285,False
10,4.826316392575901,False
11,2.6143526808338184,False
12,4.378984505789774,False
13,-0.33185378885013717,True
