step,reward,done
0,5.003573712189355,False
1,4.983647882871931,False
2,4.91633469447651,False
3,4.8761039359983,False
4,4.8489671420379,False
5,4.82470661059629,False
6,4.820368410320321,False
7,4.837778511288818,False
8,4.852357452406769,False
9,4.8598390431831255,False
10,4.851990160341194,False
11,2.602787302078988,False
12,4.386153106899647,False
13,4.688232453822782,False
14,-0.22433330051696238,True
