step,reward,done
0,4.9829660048063795,False
1,4.962851351300179,False
2,4.895134191296497,False
3,4.855501526175371,False
4,4.827077056542463,False
5,4.8039493118813725,False
6,4.798401796544366,False
7,4.814215426237014,False
8,4.826995204124021,False
9,4.83325328801573,False
10,4.8298265165776195,False
11,2.5904863242905813,False
12,4.377344414400625,False
13,-0.32350055116512355,True
