step,reward,done
0,4.992627225694531,False
1,4.972662214346189,False
2,4.905192337846222,False
3,4.865207033882725,False
4,4.837140964853084,False
5,4.813050953203865,False
6,4.808320208365157,False
7,4.824531314637602,False
8,4.838262012906074,False
9,4.845635428331998,False
10,4.841248814008016,False
11,2.7099483703191107,False
12,4.417077099254874,False
13,-0.31312692258818703,True
