step,reward,done
0,4.997136990223177,False
1,4.977091698689908,False
2,4.909620374345129,False
3,4.869292287731676,False
4,4.841873100100384,False
5,4.817837161931464,False
6,4.812568292992675,False
7,4.830056404905207,False
8,4.8441517552150035,False
9,4.850571733661881,False
10,4.844293301337865,False
11,2.5905588846387695,False
12,4.403036267141827,False
13,4.692048733556823,False
14,-0.22297689496696077,True
