step,reward,done
0,4.991231580501351,False
1,4.987360158015103,False
2,4.986904827360918,False
3,4.986493293036759,False
4,4.9863930027370476,False
5,4.984250928936221,False
6,4.983220455764858,False
7,4.979382356874568,False
8,4.975883426567585,False
9,4.976891715533071,False
10,4.97572997336416,False
11,4.972188144654925,False
12,4.973772729398474,False
13,4.973093427674116,False
14,4.9695674383566955,False
15,4.968267841187898,False
16,-0.01055036658566234,True
