step,reward,done
0,4.994439643077368,False
1,4.974394540153157,False
2,4.906929283407169,False
3,4.866642728387184,False
4,4.839756511522383,False
5,4.814934110779932,False
6,4.810332510229733,False
7,4.826817791674299,False
8,4.840785065063096,False
9,4.847844807274218,False
10,4.842847656024094,False
11,2.532359231530349,False
12,4.390353716354472,False
13,4.686867531005048,False
14,-0.2247026001251334,True
