step,reward,done
0,5.002544476876298,False
1,4.982810023733918,False
2,4.9156800271624865,False
3,4.875262696466416,False
4,4.846746290479695,False
5,4.8233235624819555,False
6,4.817904099730049,False
7,4.834368303564195,False
8,4.847761164909401,False
9,4.854347527543139,False
10,4.849792415827808,False
11,2.625358500881834,False
12,4.417950473652891,False
13,-0.2958966763542237,True
