step,reward,done
0,4.99294745737866,False
1,4.972998657584958,False
2,4.905422622528972,False
3,4.865703933349782,False
4,4.837991603905345,False
5,4.8137590801532095,False
6,4.809628889673382,False
7,4.826768174063584,False
8,4.841167716850987,False
9,4.848491583400817,False
10,4.841398257751209,False
11,2.4678098805151136,False
12,4.348936124831935,False
13,-0.30980962335437695,True
