step,reward,done
0,4.990561201536038,False
1,4.970466335153876,False
2,4.903011825290248,False
3,4.862824159783063,False
4,4.835352044191208,False
5,4.811217756865929,False
6,4.806295870955925,False
7,4.823256438132536,False
8,4.837246959863128,False
9,4.844370220135845,False
10,4.838804976776492,False
11,2.6645897353809342,False
12,4.392204920159895,False
13,-0.31923010404023267,True
