step,reward,done
0,4.990190575934576,False
1,4.9703040467368735,False
2,4.9028253773762405,False
3,4.862676230984468,False
4,4.834611460436546,False
5,4.810815236141114,False
6,4.805601446314123,False
7,4.821966136068401,False
8,4.83517940304925,False
9,4.841342159215838,False
10,4.836980958485827,False
11,2.569546754909645,False
12,4.400433116715549,False
13,-0.3115696909122641,True
