step,reward,done
0,4.986124446928871,False
1,4.966205724304626,False
2,4.898560904857983,False
3,4.8586002324606525,False
4,4.830770012305179,False
5,4.80615584672374,False
6,4.801924475674993,False
7,4.817912118003428,False
8,4.831404570670962,False
9,4.838197614871383,False
10,4.8343705245180475,False
11,2.5635849781630498,False
12,4.391540906215955,False
13,-0.3168969837499911,True
