step,reward,done
0,4.9876784837449835,False
1,4.967776531117537,False
2,4.900381797392264,False
3,4.86030585653354,False
4,4.833028302395344,False
5,4.808732724624613,False
6,4.804404669448136,False
7,4.822072084826508,False
8,4.836600991873297,False
9,4.843785454996458,False
10,4.83566706524778,False
11,2.603178820722107,False
12,4.373284984438991,False
13,-0.323022950080113,True
