step,reward,done
0,4.996401880529586,False
1,4.976631317061615,False
2,4.90931435629329,False
3,4.868749407247248,False
4,4.841239023568101,False
5,4.817172376283081,False
6,4.811809930739816,False
7,4.828605192122734,False
8,4.842038108641171,False
9,4.848083272949324,False
10,4.843066199818469,False
11,2.4831467690775515,False
12,4.397807744017364,False
13,-0.3038438331783288,True
