step,reward,done
0,4.996697889786156,False
1,4.976446688557828,False
2,4.908592165669974,False
3,4.868901129596583,False
4,4.840764572121821,False
5,4.817664024625533,False
6,4.812307937370536,False
7,4.829183002189372,False
8,4.842684623151271,False
9,4.849166622043408,False
10,4.844131503758456,False
11,2.525140065492497,False
12,4.37696125666069,False
13,4.689577234424774,False
14,-0.22257097563389328,True
