step,reward,done
0,4.999367624001186,False
1,4.979562556987583,False
2,4.912411459704139,False
3,4.87168476817243,False
4,4.844647666421001,False
5,4.819964485241461,False
6,4.815438681032833,False
7,4.832217607603631,False
8,4.846320412031818,False
9,4.8533198661559585,False
10,4.847398010857372,False
11,2.600694943423226,False
12,4.407235115033257,False
13,-0.30109233318645545,True
