step,reward,done
0,4.986616232425135,False
1,4.96648355903585,False
2,4.89875293743271,False
3,4.859199157479482,False
4,4.831577779702745,False
5,4.807828835211052,False
6,4.80285148891016,False
7,4.820331410781295,False
8,4.834727853500478,False
9,4.841348942398826,False
10,4.8344068640257065,False
11,2.5384284726678237,False
12,4.342228293461179,False
13,4.6756961282039144,False
14,-0.23375994330046654,True
