step,reward,done
0,5.011931959552893,False
1,4.992178892397071,False
2,4.925146635367633,False
3,4.884240227360445,False
4,4.856421707010652,False
5,4.832543785841614,False
6,4.82683362127382,False
7,4.8437870015394795,False
8,4.857228360227255,False
9,4.863656425519713,False
10,4.858641184171084,False
11,2.5863489925497736,False
12,4.424497208578704,False
13,4.712148503996861,False
14,-0.2084724180906949,True
