step,reward,done
0,4.984693435217411,False
1,4.964905479825941,False
2,4.897779026170492,False
3,4.8572373199332635,False
4,4.82938260586669,False
5,4.8046366012465835,False
6,4.800235869896229,False
7,4.815914886989489,False
8,4.82926949583737,False
9,4.836180303006333,False
10,4.832719916811915,False
11,2.5975307847925353,False
12,4.397876220869491,False
13,-0.3290575817822645,True
