step,reward,done
0,4.9926628783082485,False
1,4.972720826942638,False
2,4.9052177083057105,False
3,4.865242621463801,False
4,4.837970920715646,False
5,4.814026889336827,False
6,4.809176956361165,False
7,4.827271571239576,False
8,4.8421905035727555,False
9,4.849173786813395,False
10,4.84030672032006,False
11,2.4336355897349216,False
12,4.340882870067428,False
13,4.671887914188257,False
14,-0.23298088559156266,True
