step,reward,done
0,5.006734231485065,False
1,4.98679545809683,False
2,4.919429521693832,False
3,4.878989948121403,False
4,4.852196614650294,False
5,4.827285053197568,False
6,4.822951512970824,False
7,4.840040896167103,False
8,4.854427852065424,False
9,4.861460489220245,False
10,4.85465406130532,False
11,2.6559445252063094,False
12,4.421364658653976,False
13,-0.3063801322455404,True
