step,reward,done
0,5.009836114003386,False
1,5.005880587805215,False
2,5.005333239642634,False
3,5.004977923294757,False
4,5.004773105559008,False
5,5.002257880940692,False
6,5.001543549223844,False
7,4.9967144887008486,False
8,4.993364741091323,False
9,4.9952105967125755,False
10,4.993151478064114,False
11,4.989344048148676,False
12,4.992071608635728,False
13,4.989753329931526,False
14,4.985358449861091,False
15,4.873794458265841,False
16,-0.2744806836657566,True
