step,reward,done
0,4.990101100579881,False
1,4.970275215460022,False
2,4.903299498234058,False
3,4.8627091652362795,False
4,4.834781560086052,False
5,4.8110571683395715,False
6,4.805567810486614,False
7,4.822210921180393,False
8,4.835525505884708,False
9,4.84156630021831,False
10,4.836592624222892,False
11,2.5283472777234657,False
12,4.396662891573148,False
13,4.6892306679379665,False
14,-0.22974068143542473,True
