step,reward,done
0,4.993629688133691,False
1,4.973535069489393,False
2,4.905682441374573,False
3,4.866241327740074,False
4,4.838829703803492,False
5,4.814928165648076,False
6,4.81028911182032,False
7,4.827767640834828,False
8,4.842562925861809,False
9,4.849703154556216,False
10,4.841907899192987,False
11,2.54288726011909,False
12,4.374382000508602,False
13,-0.33607200585875185,True
