step,reward,done
0,4.99229573877162,False
1,4.988389023277076,False
2,4.987809575983537,False
3,4.987607577017494,False
4,4.987401043786804,False
5,4.984832339175313,False
6,4.984334708597605,False
7,4.9795621240936345,False
8,4.976006096002035,False
9,4.977720282436879,False
10,4.975691749365474,False
11,4.971778894530152,False
12,4.974538599381431,False
13,4.972198272859458,False
14,5.005686047665642,False
15,5.070863959233538,False
16,0.06620934987228388,True
