step,reward,done
0,5.000879840193036,False
1,4.996956367684765,False
2,4.996420456887969,False
3,4.99614247716736,False
4,4.995858957271424,False
5,4.9935812897727665,False
6,4.992551143275269,False
7,4.988765502204572,False
8,4.985071952087429,False
9,4.986186651067736,False
10,4.98507382853436,False
11,4.9811197614689915,False
12,4.983042813525568,False
13,4.98219889513358,False
14,4.978369997864392,False
15,4.977288909473992,False
16,-0.02704567992021245,True
