step,reward,done
0,4.996595201024758,False
1,4.97651987355945,False
2,4.909100292234022,False
3,4.869072210730178,False
4,4.84170135563689,False
5,4.816943207130712,False
6,4.812683688562633,False
7,4.829389396465742,False
8,4.8435670583342585,False
9,4.850849947090963,False
10,4.845178787360327,False
11,2.6785979251240697,False
12,4.413568997683091,False
13,-0.30966089717698947,True
