step,reward,done
0,5.003039730189023,False
1,4.999151691596224,False
2,4.998574876358856,False
3,4.998249823930479,False
4,4.9980863400505315,False
5,4.995770549429169,False
6,4.994830984547644,False
7,4.990709819178161,False
8,4.98713889855925,False
9,4.988120995243472,False
10,4.9866432885575485,False
11,4.983342677870241,False
12,4.985066760176096,False
13,4.983889890185624,False
14,4.916622436400589,False
15,4.9670388374576895,False
16,0.06938521960315532,True
