step,reward,done
0,4.98610805825891,False
1,4.982208720974148,False
2,4.981613536863217,False
3,4.981449903715301,False
4,4.981241037492249,False
5,4.978818074112849,False
6,4.977863004478575,False
7,4.974164794946048,False
8,4.970119421190036,False
9,4.971358041364229,False
10,4.970091828337771,False
11,4.966306372619508,False
12,4.968164272643716,False
13,4.966955579009841,False
14,4.963133521407494,False
15,5.013126898316182,False
16,0.06116244803210095,True
