step,reward,done
0,5.004948647554002,False
1,4.985038041881257,False
2,4.917582453682102,False
3,4.877295572306493,False
4,4.849537130481566,False
5,4.825701231432952,False
6,4.820306722601967,False
7,4.837406808703449,False
8,4.851302567270729,False
9,4.85792398057244,False
10,4.852477677752438,False
11,2.591556744103212,False
12,4.41476137668941,False
13,4.698883882778009,False
14,-0.21391897433319199,True
