step,reward,done
0,5.000033294690901,False
1,4.980088199995391,False
2,4.912583145954199,False
3,4.872381387939667,False
4,4.844742082543411,False
5,4.82115327713546,False
6,4.8161837545909965,False
7,4.833191865847313,False
8,4.847167759083116,False
9,4.853998433786499,False
10,4.8479254504559375,False
11,2.5964223421549093,False
12,4.409089434146232,False
13,4.70137637730201,False
14,-0.21922848286869895,True
