step,reward,done
0,5.005095551176621,False
1,4.985370171217812,False
2,4.9181296825187895,False
3,4.877713352761773,False
4,4.8504466788429825,False
5,4.825955561947002,False
6,4.821379212602755,False
7,4.838401258958482,False
8,4.852405667934137,False
9,4.858964914571279,False
10,4.852518920317006,False
11,2.6052713359661404,False
12,4.390549570047329,False
13,-0.2992437742433594,True
