step,reward,done
0,4.99313814947273,False
1,4.973116473244294,False
2,4.905375264442211,False
3,4.865861733862323,False
4,4.83790263504825,False
5,4.814884677467686,False
6,4.809660335734161,False
7,4.8277700593159025,False
8,4.842916541123796,False
9,4.850128353596383,False
10,4.840885409317977,False
11,2.591094565222491,False
12,4.388211717261034,False
13,4.66834448851622,False
14,-0.23684924730641482,True
