step,reward,done
0,4.869364731762544,False
1,4.858182789690461,False
2,4.895206075462044,False
3,4.853473794767975,False
4,4.834256488194073,False
5,4.824959356201788,False
6,4.835991595991289,False
7,4.85010695655894,False
8,4.845439672313693,False
9,4.811033675949433,False
10,4.800596498511916,False
11,4.832971246028987,False
12,4.828752103104838,False
13,4.841973401392965,False
14,4.818523665010941,False
15,-0.38261868163867496,True
