step,reward,done
0,5.005483604909095,False
1,4.985816506931571,False
2,4.918782119307667,False
3,4.877815832104505,False
4,4.851449239313573,False
5,4.82607706909997,False
6,4.821634826143381,False
7,4.83829548465932,False
8,4.852349112846441,False
9,4.8591967061555685,False
10,4.853312828048923,False
11,2.628179377515875,False
12,4.412408420649461,False
13,4.680050267968455,False
14,-0.21358696020126977,True
