step,reward,done
0,4.997332851405755,False
1,4.977490890534386,False
2,4.9102035717870605,False
3,4.869633201405477,False
4,4.842031797757717,False
5,4.817602926116461,False
6,4.812865270992096,False
7,4.829780476228155,False
8,4.843603466093741,False
9,4.8501771201541715,False
10,4.844895532846261,False
11,2.5712121129639707,False
12,4.406447920208656,False
13,-0.31371091665645257,True
