step,reward,done
0,5.001052125816157,False
1,4.981010286229052,False
2,4.913495978979095,False
3,4.873596322083715,False
4,4.846070522316626,False
5,4.822379818273806,False
6,4.817130192864948,False
7,4.834741330963599,False
8,4.849435547724307,False
9,4.856434189589161,False
10,4.848743225856447,False
11,2.565561834833587,False
12,4.387526392118706,False
13,4.669267849788232,False
14,-0.22442518808009373,True
