step,reward,done
0,4.984747473229003,False
1,4.9650045185535525,False
2,4.89794361504734,False
3,4.857013119406394,False
4,4.830274831528632,False
5,4.805156471686066,False
6,4.800816266245013,False
7,4.817480374511954,False
8,4.831485821398989,False
9,4.838297943182215,False
10,4.832682934606428,False
11,2.5899036423715818,False
12,4.385203261635725,False
13,4.6605188250545195,False
14,-0.23426320407085854,True
