step,reward,done
0,4.995608847604377,False
1,4.9755976921678355,False
2,4.908147613696674,False
3,4.867798577577613,False
4,4.840284486940018,False
5,4.81619690174436,False
6,4.810560635711945,False
7,4.827705208900488,False
8,4.8415270365791985,False
9,4.847933974182029,False
10,4.842645112990658,False
11,2.5621389878736056,False
12,4.391609201468083,False
13,4.6892095087847725,False
14,-0.22302464873405486,True
