step,reward,done
0,5.014496705195705,False
1,5.010607805648819,False
2,5.009974372848328,False
3,5.009720026305715,False
4,5.009534837834437,False
5,5.007091563541718,False
6,5.0061227816905065,False
7,5.00167613306403,False
8,4.998160831701015,False
9,4.99954625404554,False
10,4.997557369950372,False
11,4.994320109011789,False
12,4.996462581533619,False
13,4.994523060757749,False
14,4.595538114518382,False
15,4.934580855421118,False
16,0.13610257653178737,True
