step,reward,done
0,5.012282414649514,False
1,5.00834309447156,False
2,5.007781244927862,False
3,5.007546301083983,False
4,5.007184288664794,False
5,5.004528739569301,False
6,5.003664438056703,False
7,4.999452902378211,False
8,4.995552857519741,False
9,4.997051042337041,False
10,4.995546957732074,False
11,4.991588415254983,False
12,4.994073380272346,False
13,4.992185649606857,False
14,4.987957727019223,False
15,4.708888423079481,False
16,-0.06837814367610544,True
