step,reward,done
0,5.005879822983616,False
1,4.985963535122888,False
2,4.918563935037958,False
3,4.878368565053354,False
4,4.850703410451651,False
5,4.826144200801439,False
6,4.822087526711288,False
7,4.8384896128306005,False
8,4.852717122266274,False
9,4.860254700220886,False
10,4.854842151473929,False
11,2.709980032193164,False
12,4.426163504783215,False
13,4.689923587260969,False
14,-0.2220420948584859,True
