step,reward,done
0,4.993158294331095,False
1,4.973398171740475,False
2,4.90633067382725,False
3,4.865784127553722,False
4,4.838236042126348,False
5,4.814150203936371,False
6,4.809228442531987,False
7,4.826599167868972,False
8,4.84086840357397,False
9,4.847728126175524,False
10,4.8408621907279885,False
11,2.538563909585517,False
12,4.368093310516146,False
13,-0.31591595688036733,True
