step,reward,done
0,4.9910788610158985,False
1,4.971223090310354,False
2,4.904061408950819,False
3,4.863673305943298,False
4,4.836943295466101,False
5,4.812147212501011,False
6,4.8072957110068195,False
7,4.824687422230047,False
8,4.839446390684464,False
9,4.846728196485463,False
10,4.839020892519243,False
11,2.432539779985654,False
12,4.344178962485362,False
13,-0.3109854853130074,True
