step,reward,done
0,4.982717299093538,False
1,4.9628013576655725,False
2,4.8955061054577005,False
3,4.855207838315065,False
4,4.827809142310863,False
5,4.803373222321728,False
6,4.798929298960859,False
7,4.815415073221096,False
8,4.829397327746586,False
9,4.836874656419234,False
10,4.831253713618807,False
11,2.5786346221536185,False
12,4.365992109461403,False
13,4.668617560986441,False
14,-0.2394449859466619,True
