step,reward,done
0,4.97958937600832,False
1,4.975655451424538,False
2,4.975099093569568,False
3,4.974856721131962,False
4,4.9747416685950645,False
5,4.97227592721745,False
6,4.971630605705023,False
7,4.967420784921252,False
8,4.963586587767232,False
9,4.965019422054455,False
10,4.963476319210552,False
11,4.959559801254482,False
12,4.961793621607773,False
13,4.960208723700164,False
14,4.589714135159588,False
15,4.894115943631821,False
16,0.09868339272854536,True
