step,reward,done
0,4.989087853980333,False
1,4.969148035485147,False
2,4.901631684115513,False
3,4.86161683561384,False
4,4.833909390276807,False
5,4.809861222455866,False
6,4.80501826417143,False
7,4.822111514858841,False
8,4.836307753665747,False
9,4.843104271766844,False
10,4.836932636704294,False
11,2.4636890834847085,False
12,4.369711298346246,False
13,-0.33577819485229676,True
