step,reward,done
0,4.891278832887199,False
1,4.880133549650746,False
2,4.917191383707307,False
3,4.875108316506651,False
4,4.856368862940408,False
5,4.846735460532841,False
6,4.857814019778372,False
7,4.871920056194337,False
8,4.867591446042207,False
9,4.832820654801731,False
10,4.822340434126413,False
11,4.854527886535715,False
12,4.850486178988768,False
13,4.864004137903614,False
14,4.840366096825261,False
15,-0.40188579819580755,True
