step,reward,done
0,5.001476195917359,False
1,4.997550749833442,False
2,4.99702069088718,False
3,4.9967493636714755,False
4,4.996503094408038,False
5,4.994215344355734,False
6,4.9931520243610175,False
7,4.989321932127469,False
8,4.985519331893247,False
9,4.986714129381534,False
10,4.985428850690874,False
11,4.981687760710817,False
12,4.983561253586719,False
13,4.982531433400796,False
14,4.821382576405899,False
15,4.654546384999122,False
16,-0.3658297164487194,True
