step,reward,done
0,4.984361381138788,False
1,4.964610834361291,False
2,4.897521038833506,False
3,4.857084455635783,False
4,4.829587582010608,False
5,4.805219121197227,False
6,4.800489984216511,False
7,4.817090202688756,False
8,4.8308958667279835,False
9,4.837622273183569,False
10,4.832034617117109,False
11,2.575284941356227,False
12,4.364769226463838,False
13,-0.3294812996707604,True
