step,reward,done
0,4.991810901799981,False
1,4.971946357979648,False
2,4.904467747401121,False
3,4.8643315183218645,False
4,4.837060042771913,False
5,4.812220968762302,False
6,4.807612722439825,False
7,4.8237129243012875,False
8,4.8373123305274826,False
9,4.844096037132022,False
10,4.839870630930598,False
11,2.620823657866234,False
12,4.404817232383138,False
13,4.694667878906873,False
14,-0.2302713098957514,True
