step,reward,done
0,5.000544381413076,False
1,4.980585960012567,False
2,4.91304731147523,False
3,4.873151478928284,False
4,4.844703975218655,False
5,4.821401091050267,False
6,4.815778707649274,False
7,4.832380142862554,False
8,4.845689514898823,False
9,4.852076660962232,False
10,4.847720984972968,False
11,2.5814959887218873,False
12,4.409191426268635,False
13,-0.30418161254997655,True
