step,reward,done
0,4.985641771635734,False
1,4.965786970691656,False
2,4.898535595944327,False
3,4.8580724792818835,False
4,4.830193446177799,False
5,4.806307233103112,False
6,4.801447069428343,False
7,4.818905344205347,False
8,4.833221017950355,False
9,4.8403599966634685,False
10,4.833583510567177,False
11,2.6507368650227554,False
12,4.4041033896679505,False
13,-0.32810547815937974,True
