step,reward,done
0,4.992453222477627,False
1,4.972530342877161,False
2,4.905012944533684,False
3,4.864709530099892,False
4,4.837041930769363,False
5,4.812488984022982,False
6,4.808003443585863,False
7,4.8241946026071405,False
8,4.837796829705468,False
9,4.84456551593429,False
10,4.840399415733134,False
11,2.6442320008108235,False
12,4.393495191496693,False
13,-0.3069881343538601,True
