step,reward,done
0,4.9895961909147335,False
1,4.969405637888171,False
2,4.901672984650534,False
3,4.862248125285958,False
4,4.834114639041886,False
5,4.810634960434763,False
6,4.805994236850821,False
7,4.823152898215305,False
8,4.837250874779166,False
9,4.844301716208496,False
10,4.838087861422631,False
11,2.5610142538895304,False
12,4.343109363120999,False
13,4.672044923401981,False
14,-0.23413738336667625,True
