step,reward,done
0,5.00086301922379,False
1,4.981027980342705,False
2,4.913941287582379,False
3,4.87317134611571,False
4,4.845711362876055,False
5,4.821279117354064,False
6,4.815849960622253,False
7,4.832487287062495,False
8,4.84602323666779,False
9,4.852547138540395,False
10,4.8479698267900035,False
11,2.542752260183512,False
12,4.4018157232101585,False
13,4.694446722437269,False
14,-0.2179186897484154,True
