step,reward,done
0,4.985862463304361,False
1,4.965782374969166,False
2,4.898092770936399,False
3,4.858301084661596,False
4,4.830946024924773,False
5,4.806384470191141,False
6,4.8020785686085246,False
7,4.819375349967767,False
8,4.833874435962288,False
9,4.840972444066047,False
10,4.834391038122265,False
11,2.6314536079454416,False
12,4.401069647237677,False
13,4.688028708899831,False
14,-0.23402113718537193,True
