step,reward,done
0,4.99589994929613,False
1,4.975610205399641,False
2,4.907877455259578,False
3,4.868215690302756,False
4,4.840491286499001,False
5,4.817286403951392,False
6,4.811873404308845,False
7,4.8300084050347065,False
8,4.844553428294508,False
9,4.851260045253494,False
10,4.843159549219572,False
11,2.669139558833375,False
12,4.409945379649506,False
13,4.691010404783842,False
14,-0.2275990622623316,True
