step,reward,done
0,4.996844891661165,False
1,4.976820434143734,False
2,4.909365744545472,False
3,4.869260588370429,False
4,4.842014491727488,False
5,4.817882232052115,False
6,4.812880155608333,False
7,4.830134189818181,False
8,4.844389361876321,False
9,4.851098752553468,False
10,4.8443936424785035,False
11,2.5527210040683292,False
12,4.404910827394089,False
13,-0.301428372716071,True
