step,reward,done
0,5.004217585459998,False
1,5.000290966837123,False
2,4.9997508748765895,False
3,4.999374839816429,False
4,4.999155753060382,False
5,4.996671330702629,False
6,4.995833022861959,False
7,4.991718609385767,False
8,4.988004507534862,False
9,4.989301335566433,False
10,4.987842991792235,False
11,4.984196477953046,False
12,4.98630741249969,False
13,4.984929608727809,False
14,4.980952878018423,False
15,4.834853539639754,False
16,-0.05758930859610935,True
