step,reward,done
0,4.979979238771416,False
1,4.959791117096239,False
2,4.892150429092949,False
3,4.852522026518953,False
4,4.825001835231744,False
5,4.80128586649381,False
6,4.796685478274773,False
7,4.814632276752314,False
8,4.829585698976211,False
9,4.836723539191352,False
10,4.828288556552751,False
11,2.6286605997131245,False
12,4.385100543580642,False
13,-0.32221731428119,True
