step,reward,done
0,5.009706590170751,False
1,4.989558825954271,False
2,4.921782190103948,False
3,4.882059393453843,False
4,4.854388449871741,False
5,4.830513335344475,False
6,4.825845181170794,False
7,4.842975717727025,False
8,4.857167385181962,False
9,4.864186056839173,False
10,4.858023871749954,False
11,2.559520726860393,False
12,4.4074509449515435,False
13,4.708941500733989,False
14,-0.2109919603278728,True
