step,reward,done
0,4.999554085823027,False
1,4.995637046128145,False
2,4.9949944400758035,False
3,4.994803961468842,False
4,4.994507791791132,False
5,4.991947915232179,False
6,4.99128500177096,False
7,4.987072927832007,False
8,4.983157129049303,False
9,4.984542330157661,False
10,4.983111737001902,False
11,4.979346365427092,False
12,4.981410129901151,False
13,4.979768329349365,False
14,4.975828478562297,False
15,4.974982114910335,False
16,-0.11583145297777656,True
