step,reward,done
0,4.999659473167155,False
1,4.979803364738717,False
2,4.912680667969263,False
3,4.872197507953977,False
4,4.844544709843553,False
5,4.820883235363283,False
6,4.81557109653939,False
7,4.832441765094601,False
8,4.846106966063934,False
9,4.852448261574883,False
10,4.84660802507064,False
11,2.662030731875041,False
12,4.418015346527605,False
13,-0.3123118164298856,True
