step,reward,done
0,4.9958107050788,False
1,4.97588499467887,False
2,4.9084941861220655,False
3,4.868449451980784,False
4,4.840923877718366,False
5,4.816477518782452,False
6,4.811895229663513,False
7,4.828726998423282,False
8,4.84294398977671,False
9,4.850162214891538,False
10,4.844019930338499,False
11,2.540827962594395,False
12,4.3646472414967565,False
13,4.68187328863334,False
14,-0.22450076557718865,True
