step,reward,done
0,4.990275749625662,False
1,4.986442528930644,False
2,4.985850855930535,False
3,4.985495581955205,False
4,4.985386283488101,False
5,4.983165262185431,False
6,4.982264592410992,False
7,4.978159972990904,False
8,4.974547149236988,False
9,4.975672621018586,False
10,4.974074242203764,False
11,4.970667840517261,False
12,4.972587705479127,False
13,4.971230123356048,False
14,5.03454642951084,False
15,5.071632512797013,False
16,0.06726969562734388,True
