step,reward,done
0,5.0138984199818175,False
1,4.994059102657924,False
2,4.926851897545565,False
3,4.886147619194263,False
4,4.859344433384058,False
5,4.8341785856786705,False
6,4.82965720705657,False
7,4.845562635732859,False
8,4.859045686466846,False
9,4.865863866831146,False
10,4.861973676850207,False
11,2.674385354986206,False
12,4.4137337722461325,False
13,-0.30067920843544915,True
