step,reward,done
0,4.987632245810738,False
1,4.983769724749727,False
2,4.983203408415269,False
3,4.982816057291515,False
4,4.982718098098392,False
5,4.980548309406717,False
6,4.979576180973474,False
7,4.975475816392463,False
8,4.971990660100685,False
9,4.973152635246614,False
10,4.971576193645488,False
11,4.9683155954546,False
12,4.97009517590454,False
13,4.604330282875354,False
14,4.710859760276501,False
15,4.905886595167354,False
16,0.16560356811250262,True
