step,reward,done
0,5.000663728202461,False
1,4.980617501817183,False
2,4.9129390083011195,False
3,4.8730531220893605,False
4,4.845913606148502,False
5,4.821680610511257,False
6,4.817329049776562,False
7,4.834449061102783,False
8,4.848729667254395,False
9,4.855649126652777,False
10,4.848909024335877,False
11,2.6684732660890713,False
12,4.386418799593281,False
13,-0.30098805839477677,True
