step,reward,done
0,5.006510801361302,False
1,4.9864970986236745,False
2,4.919185923852481,False
3,4.878629779235497,False
4,4.851071459046447,False
5,4.827739255767188,False
6,4.821519982457107,False
7,4.8392819063907355,False
8,4.85287401759764,False
9,4.8587817216338465,False
10,4.85244893147186,False
11,2.4687533940438344,False
12,4.374605221056941,False
13,4.69964140533631,False
14,-0.21532259115462324,True
