step,reward,done
0,4.9879282108463405,False
1,4.96778398375127,False
2,4.899931141275701,False
3,4.860706794655235,False
4,4.832914128407255,False
5,4.809487742895399,False
6,4.804739883282121,False
7,4.822740620700149,False
8,4.838023757320255,False
9,4.84551934265697,False
10,4.836440531624421,False
11,2.4303008452776957,False
12,4.337872696538451,False
13,-0.31441416280127843,True
