step,reward,done
0,5.000556065731079,False
1,4.980833434537356,False
2,4.913752814859647,False
3,4.873132993360318,False
4,4.845409995293744,False
5,4.821000308894398,False
6,4.816277981350903,False
7,4.83254950631417,False
8,4.846065349954986,False
9,4.8527796740936795,False
10,4.848461766127438,False
11,2.6697369072952846,False
12,4.418676386532614,False
13,4.682797745315615,False
14,-0.227650413741295,True
