step,reward,done
0,5.0001095939637725,False
1,4.98011257523955,False
2,4.912434406937203,False
3,4.872722701579607,False
4,4.845483223599535,False
5,4.820865441283657,False
6,4.816884483071247,False
7,4.833458372827434,False
8,4.847722780025192,False
9,4.854909830670913,False
10,4.848877151829584,False
11,2.6662098433845127,False
12,4.41399990134944,False
13,-0.31624436297351927,True
