step,reward,done
0,5.000202508234885,False
1,4.980063280262394,False
2,4.912583546015743,False
3,4.872550459729784,False
4,4.844786479483374,False
5,4.821175578170884,False
6,4.816146069783865,False
7,4.833797747877433,False
8,4.848347068614982,False
9,4.8557018736389805,False
10,4.84836945656331,False
11,2.514139852390735,False
12,4.3437662407451905,False
13,-0.3132413828138619,True
