step,reward,done
0,4.9872375960535225,False
1,4.983298770546201,False
2,4.9827737557823655,False
3,4.982419848073988,False
4,4.98231274195822,False
5,4.979901209535452,False
6,4.9793927213913625,False
7,4.9748212935339815,False
8,4.971199822497109,False
9,4.972796005512048,False
10,4.971217981043122,False
11,4.967086999644659,False
12,4.9695045714877315,False
13,4.96792711493316,False
14,4.744846460375289,False
15,4.589615188514505,False
16,0.009449802474127328,True
