step,reward,done
0,4.991780413004766,False
1,4.9719170965319055,False
2,4.9044863819108,False
3,4.864157590896066,False
4,4.8367085341252185,False
5,4.812686443983099,False
6,4.8070984178556335,False
7,4.823900368967319,False
8,4.837519084804152,False
9,4.8438896689178765,False
10,4.838850404748803,False
11,2.5705046560980995,False
12,4.396648813452622,False
13,4.686146827122335,False
14,-0.22681382696690947,True
