step,reward,done
0,4.989314141845688,False
1,4.969322985412357,False
2,4.901955309885527,False
3,4.861827606593803,False
4,4.83469473684305,False
5,4.8104076300607215,False
6,4.805928843584847,False
7,4.823817096589362,False
8,4.838879157198324,False
9,4.8461947775452,False
10,4.837220027615927,False
11,2.450896240100864,False
12,4.343200301412146,False
13,4.674726229140716,False
14,-0.2411418477043525,True
