step,reward,done
0,5.005850379825862,False
1,4.985917041085989,False
2,4.918477408879479,False
3,4.878025773854867,False
4,4.851197512021693,False
5,4.825947468457596,False
6,4.821395722176575,False
7,4.837647663707213,False
8,4.8512297999752,False
9,4.857651696020307,False
10,4.853537079814419,False
11,2.6031236402477678,False
12,4.414316156351662,False
13,-0.29866099400388063,True
