step,reward,done
0,4.985093223247883,False
1,4.965254805218442,False
2,4.898321408222139,False
3,4.857329579497,False
4,4.829531256100073,False
5,4.805255123887233,False
6,4.799820256494546,False
7,4.816457259937056,False
8,4.829823933134196,False
9,4.8363792957116,False
10,4.832053651999067,False
11,2.5089716533765998,False
12,4.390824022986651,False
13,-0.315691457456229,True
