step,reward,done
0,5.006815249644346,False
1,5.002938533398307,False
2,5.002358209888398,False
3,5.0020668735952825,False
4,5.001765664066279,False
5,4.9994298743354175,False
6,4.998483196615009,False
7,4.994419715334818,False
8,4.990698713029635,False
9,4.991832544396689,False
10,4.9905955277103855,False
11,4.987097690147855,False
12,4.988854402043937,False
13,4.842442264808519,False
14,4.715876065944282,False
15,4.854007294490081,False
16,0.14283002301274977,True
