step,reward,done
0,4.999995291027104,False
1,4.9961147032688675,False
2,4.995506697754321,False
3,4.995278372100367,False
4,4.9951186433151245,False
5,4.992924740736882,False
6,4.991267742739864,False
7,4.98839956146162,False
8,4.9842650309120655,False
9,4.984813048892793,False
10,4.984223043513604,False
11,4.9801804248788155,False
12,4.981673178266861,False
13,4.981675642949528,False
14,5.052127663770731,False
15,5.083152721463841,False
16,0.07876423235677882,True
