step,reward,done
0,4.998854541002273,False
1,4.97898657437901,False
2,4.911777606830479,False
3,4.871132102739532,False
4,4.843802862455352,False
5,4.81920342435475,False
6,4.814873036559292,False
7,4.831486455995143,False
8,4.845495269237366,False
9,4.852444297681683,False
10,4.847042438675348,False
11,2.586224680647196,False
12,4.4039447648607855,False
13,-0.31255707008776257,True
