step,reward,done
0,4.991880762623513,False
1,4.972174311844579,False
2,4.904937817485392,False
3,4.86453814702487,False
4,4.837329017800741,False
5,4.8125607216280795,False
6,4.808544958566259,False
7,4.82488592933645,False
8,4.839036776280181,False
9,4.846326202190574,False
10,4.840561848224049,False
11,2.5863429492378507,False
12,4.3707552581702345,False
13,4.673483567952198,False
14,-0.23339390803753687,True
