step,reward,done
0,4.999149594460664,False
1,4.995285468012558,False
2,4.994701227859008,False
3,4.994422133629503,False
4,4.994287360972297,False
5,4.992296734538514,False
6,4.990676489405837,False
7,4.987914198573422,False
8,4.98381286615895,False
9,4.9841052009419196,False
10,4.98391192737041,False
11,4.979564516135514,False
12,4.98101575450066,False
13,4.918904166320016,False
14,4.699412592757004,False
15,4.743189976987647,False
16,-0.07119223956616832,True
