step,reward,done
0,4.999520976055543,False
1,4.979319698403517,False
2,4.911829724752213,False
3,4.87194918130099,False
4,4.844171897759871,False
5,4.82066317340305,False
6,4.815550055535248,False
7,4.8336073372975745,False
8,4.848309450013089,False
9,4.855300764424717,False
10,4.847445391636062,False
11,2.6452244658300086,False
12,4.408971687177658,False
13,-0.30400981036570685,True
