step,reward,done
0,4.986291400425765,False
1,4.96649481825489,False
2,4.8992160612774285,False
3,4.858702699698817,False
4,4.83124597932289,False
5,4.806564211621011,False
6,4.801914623014216,False
7,4.81809210001656,False
8,4.831707043464327,False
9,4.838459105161376,False
10,4.834289917341546,False
11,2.636613468687182,False
12,4.4066516072245046,False
13,4.688721623081786,False
14,-0.2349850210908611,True
