step,reward,done
0,5.002588432484723,False
1,4.998685061688663,False
2,4.99810450176878,False
3,4.997815810814486,False
4,4.997612341747252,False
5,4.9951088306184985,False
6,4.9944748299879045,False
7,4.9900293639717,False
8,4.986350429634854,False
9,4.9877717093862834,False
10,4.986211055184039,False
11,4.982486483647108,False
12,4.984655984728212,False
13,4.824713940626518,False
14,4.710820982390777,False
15,4.868628546114583,False
16,0.14618028242823106,True
