step,reward,done
0,4.990376203933917,False
1,4.97057409887443,False
2,4.903223475870965,False
3,4.8628164029389405,False
4,4.835766039369499,False
5,4.811140466824489,False
6,4.806914481697513,False
7,4.823810273502131,False
8,4.838177768171876,False
9,4.845112506219874,False
10,4.838475318070169,False
11,2.639108349483349,False
12,4.40104416478058,False
13,4.666243948588136,False
14,-0.23352355750955964,True
