step,reward,done
0,5.001541510198067,False
1,4.981610515336914,False
2,4.914391277790754,False
3,4.873749859879844,False
4,4.846494726360211,False
5,4.822297277994155,False
6,4.816924938583405,False
7,4.833808822274923,False
8,4.847414105974541,False
9,4.853816461755063,False
10,4.848611763660418,False
11,2.627215462068404,False
12,4.418044491215774,False
13,-0.30213631494738613,True
