step,reward,done
0,5.002275467494255,False
1,4.998361384164573,False
2,4.997812218758234,False
3,4.997419836065712,False
4,4.997238260966271,False
5,4.994965051005347,False
6,4.993999758349365,False
7,4.990182531825904,False
8,4.986465619715426,False
9,4.98742163509675,False
10,4.986595854710381,False
11,4.982760202630515,False
12,4.984248979075969,False
13,4.9837692906948625,False
14,4.81616973758688,False
15,4.941776363247126,False
16,0.09837071784055501,True
