step,reward,done
0,5.003309060838707,False
1,4.98328145031338,False
2,4.91576509618274,False
3,4.875478079878576,False
4,4.848206668998623,False
5,4.824167437829775,False
6,4.819243871890499,False
7,4.836349928963036,False
8,4.850340016616698,False
9,4.856873589384068,False
10,4.850851667967982,False
11,2.583459330086982,False
12,4.407434451105067,False
13,-0.30097550951637736,True
