step,reward,done
0,4.988876497239913,False
1,4.968957690886602,False
2,4.901336018214722,False
3,4.861649438598682,False
4,4.834211441732879,False
5,4.809032962992329,False
6,4.805622683800499,False
7,4.8214208141749415,False
8,4.835470311828756,False
9,4.843009021397759,False
10,4.838156224306399,False
11,2.4644039963456965,False
12,4.338374819822685,False
13,-0.33874359878543187,True
