step,reward,done
0,4.996318309562929,False
1,4.992372603914284,False
2,4.991864350308276,False
3,4.991501449629228,False
4,4.991298009894053,False
5,4.988768250201158,False
6,4.987796881664373,False
7,4.9837197893048595,False
8,4.980016603220874,False
9,4.981221735184891,False
10,4.979873381779096,False
11,4.976138789468244,False
12,4.978069273939014,False
13,4.977010560957356,False
14,4.972734998151629,False
15,4.771217328030154,False
16,-0.07684298367263424,True
