step,reward,done
0,4.985368078560252,False
1,4.965380416417901,False
2,4.898140065728329,False
3,4.857961097234622,False
4,4.830539817786283,False
5,4.80635394689225,False
6,4.801624061819102,False
7,4.819127429609309,False
8,4.833812207683803,False
9,4.841026837356163,False
10,4.833368636072248,False
11,2.4237149788394663,False
12,4.3305606117737,False
13,-0.33933701479145423,True
