step,reward,done
0,4.992097874284027,False
1,4.972366439330203,False
2,4.9051191358894055,False
3,4.864538627879291,False
4,4.837529069920186,False
5,4.812308465502818,False
6,4.807859574691095,False
7,4.824034692234386,False
8,4.83754840932404,False
9,4.844246541830559,False
10,4.840063840399383,False
11,2.6774926368533176,False
12,4.413765099769813,False
13,4.679989904607339,False
14,-0.23958663614949685,True
