step,reward,done
0,4.9905006720844645,False
1,4.970519274574299,False
2,4.902949984534859,False
3,4.862992318846469,False
4,4.835370583387182,False
5,4.811384879751467,False
6,4.806736988488268,False
7,4.823507243078816,False
8,4.837486842902452,False
9,4.844611962147242,False
10,4.838582605136066,False
11,2.6677486617297355,False
12,4.4058549954739075,False
13,4.674385018949964,False
14,-0.24000049368510137,True
