step,reward,done
0,5.0001631829352196,False
1,4.9804631695752555,False
2,4.913216007099324,False
3,4.872746125485986,False
4,4.845659995801917,False
5,4.820711735261022,False
6,4.816846163475329,False
7,4.833394638743995,False
8,4.847586025719632,False
9,4.854959024314402,False
10,4.848497683817502,False
11,2.6181778096988966,False
12,4.38413370485115,False
13,-0.31628386655557494,True
