episode,delta_seconds
1,0.000000
2,0.860169
3,0.985794
4,0.855505
5,0.831822
6,0.899777
7,1.062537
8,0.828159
9,0.874889
10,0.987174
11,15.873461
12,16.553814
TOTAL_SECONDS,44.822517
DELTA_EP9,0.874889
DELTA_EP10,0.987174
DELTA_EP11,15.873461
RATIO_EP10_OVER_EP9,1.128343